Name,Peak,Average,Peak Time
V_VAL_VCCCORE_PH1_0.002_R4D5,1.249887,0.057859,149.426000
I_VAL_VCCCORE_PH1_0.002_R4D5,6.377388,0.001815,149.432000
V_VAL_VCCCORE_PH2_0.002_R5D5,1.249659,0.057877,149.426000
I_VAL_VCCCORE_PH2_0.002_R5D5,5.262501,0.001564,149.426000
V_VAL_VCCCORE_PH3_0.002_R5D6,1.249629,0.057880,149.426000
I_VAL_VCCCORE_PH3_0.002_R5D6,4.405399,0.001704,149.427000
V_VAL_VCCCORE_PH4_0.002_R5D7,1.249848,0.057861,149.426000
I_VAL_VCCCORE_PH4_0.002_R5D7,5.666250,0.001491,149.427000
V_VAL_VCCCORE_PH5_0.002_R6D1,1.264183,0.057897,149.426000
I_VAL_VCCCORE_PH5_0.002_R6D1,0.103010,0.103010,0.000000
V_VAL_VSS_VCCCORE_SENSE_HDR_N,0.003154,0.000340,149.426000
V_VAL_VCC_VCCCORE_SENSE_HDR_P,1.234543,0.057371,149.426000
V_VAL_VCC_LP_ECORE_0.002_R4D6,1.133452,0.713956,149.409000
I_VAL_VCC_LP_ECORE_0.002_R4D6,9.592281,0.671803,149.407000
V_VAL_VSS_LP_ECORE_SENSE_HDR_N,0.003037,0.000484,149.426000
V_VAL_VCC_LP_ECORE_SENSE_HDR_P,1.119597,0.711813,149.409000
V_VAL_VCCSA_0.002_R3C22,1.051509,0.759015,149.416000
I_VAL_VCCSA_0.002_R3C22,3.178336,0.728705,149.405000
V_VAL_VSS_VCCSA_SENSE_HDR_N,0.002965,0.000458,149.426000
V_VAL_VCC_VCCSA_SENSE_HDR_P,1.046896,0.757283,149.441000
V_VAL_VDD2_CPU_0.002_R5G2,1.079614,1.076452,18.182000
I_VAL_VDD2_CPU_0.002_R5G2,1.374547,0.353433,149.426000
V_VAL_VDDQ_CPU_0.005_R5F23,0.529919,0.524758,159.443000
I_VAL_VDDQ_CPU_0.005_R5F23,0.336183,0.051499,177.412000
V_VAL_VCCGT_PH1_0.002_R3C23,0.724328,0.171043,91.882000
I_VAL_VCCGT_PH1_0.002_R3C23,5.300301,0.392528,145.247000
V_VAL_VCCGT_PH2_0.002_R2C16,0.724228,0.171002,91.882000
I_VAL_VCCGT_PH2_0.002_R2C16,1.436236,0.026548,12.288000
V_VAL_VSS_VCCGT_SENSE_HDR_N,0.001851,0.000331,149.425000
V_VAL_VCC_VCCGT_SENSE_HDR_P,0.722817,0.170075,91.882000
V_VAL_VCCST_0.002_R3P2,0.776205,0.774658,102.439000
I_VAL_VCCST_0.002_R3P2,0.078098,0.022486,149.423000
V_VAL_VCCPRIM_VNNAON_0.001_R3D1,0.783313,0.774909,21.395000
I_VAL_VCCPRIM_VNNAON_0.001_R3D1,1.433383,0.283130,90.212000
V_VAL_VSS_VCCPRIM_VNNAON_SENSE_HDR_N,0.002097,0.000298,149.427000
V_VAL_VCC_VCCPRIM_VNNAON_SENSE_HDR_P,0.782790,0.774094,21.395000
V_VAL_VCCPRIM_VNNAON_FLTR_0.01_R4R2,0.782863,0.774412,21.395000
I_VAL_VCCPRIM_VNNAON_FLTR_0.01_R4R2,0.041932,0.013182,21.395000
V_VAL_VCCPRIM_IO_0.004_R4D8,1.262642,1.253822,14.615000
I_VAL_VCCPRIM_IO_0.004_R4D8,0.358710,0.099583,109.012000
V_VAL_VSS_VCCPRIM_IO_SENSE_HDR_N,0.002859,0.000244,52.394000
V_VAL_VCC_VCCPRIM_IO_SENSE_HDR_P,1.262524,1.253100,90.130000
V_VAL_VCCPRIM_IO_FLTR_0.01_R4R1,1.262588,1.253630,64.675000
I_VAL_VCCPRIM_IO_FLTR_0.01_R4R1,0.008828,-0.000370,82.266000
V_VAL_VCCPRIM_3P3_0.022_R2E28,3.340710,3.312406,10.674000
I_VAL_VCCPRIM_3P3_0.022_R2E28,0.008116,0.000003,48.424000
V_VAL_VCCPRIM_1P8_0.01_R2E52,1.799333,1.791894,62.397000
I_VAL_VCCPRIM_1P8_0.01_R2E52,0.010038,0.002525,77.073000
V_VAL_VCCPRIM_1P8_FLTRA_0.01_R2E69,1.798362,1.791860,44.798000
I_VAL_VCCPRIM_1P8_FLTRA_0.01_R2E69,0.032251,0.005483,25.311000
V_VAL_VCCPRIM_1P8_FLTRB_0.01_R2E33,1.798980,1.791959,73.111000
I_VAL_VCCPRIM_1P8_FLTRB_0.01_R2E33,0.006008,0.000025,105.202000
V_VAL_VCCRTC_0.022_R2E36,1.502023,1.500640,75.418000
I_VAL_VCCRTC_0.022_R2E36,0.004454,0.000627,78.144000
V_VAL_VCCIO_TERM_V1P25_0.01_R2M29,1.263228,1.254277,83.831000
I_VAL_VCCIO_TERM_V1P25_0.01_R2M29,0.003424,-0.001699,128.395000
V_VAL_VDD2H_MEM_0.002_R5G3,1.086726,1.077177,76.425000
I_VAL_VDD2H_MEM_0.002_R5G3,1.366547,0.107310,149.427000
V_VAL_VDD2L_MEM_0.005_R5G7,0.929732,0.923305,83.480000
I_VAL_VDD2L_MEM_0.005_R5G7,0.451418,0.041656,127.846000
V_VAL_VDD1_MEM_0.005_R5G20,1.812729,1.802910,116.838000
I_VAL_VDD1_MEM_0.005_R5G20,0.287221,0.011594,115.455000
V_VAL_VDDQ_MEM_0.005_R5F24,0.534041,0.524781,90.899000
I_VAL_VDDQ_MEM_0.005_R5F24,0.544230,0.034726,9.861000
V_VAL_VCCCORE_VIN_0.002_R4B28,13.078651,13.032109,66.281000
I_VAL_VCCCORE_VIN_0.002_R4B28,5.215598,-0.002438,149.431000
V_VAL_V3P3S_CORE_0.01_R5C18,3.336987,3.311488,160.719000
I_VAL_V3P3S_CORE_0.01_R5C18,0.090149,0.005400,149.434000
V_VAL_VCC_LP_ECORE_VIN_0.002_R4C4,13.078813,13.032190,66.281000
I_VAL_VCC_LP_ECORE_VIN_0.002_R4C4,2.491251,0.040991,57.564000
V_VAL_V3P3S_LP_ECORE_0.01_R4C20,3.337229,3.311474,77.206000
I_VAL_V3P3S_LP_ECORE_0.01_R4C20,0.038017,0.004580,126.875000
V_VAL_VBATA_VCCIO_VR_IN_0.01_R4C7,13.078769,13.029385,149.435000
I_VAL_VBATA_VCCIO_VR_IN_0.01_R4C7,0.247402,0.010193,151.266000
V_VAL_V5A_IMVP_0.01_R5B37,5.168002,5.125695,173.818000
I_VAL_V5A_IMVP_0.01_R5B37,0.036541,0.005999,8.617000
V_VAL_VBATA_VNNAON_VR_IN_0.01_R4C6,13.079047,13.029452,149.435000
I_VAL_VBATA_VNNAON_VR_IN_0.01_R4C6,0.678305,0.019895,144.625000
V_VAL_VNNAON_VSYS_0.01_R4N20,5.168915,5.125857,173.818000
I_VAL_VNNAON_VSYS_0.01_R4N20,0.076909,0.001360,122.122000
V_VAL_VCCSA_VIN_0.002_R3B11,13.075721,13.031882,149.435000
I_VAL_VCCSA_VIN_0.002_R3B11,1.098422,0.040374,141.560000
V_VAL_V3P3S_SA_0.01_R3C7,3.337574,3.311428,62.903000
I_VAL_V3P3S_SA_0.01_R3C7,0.026759,0.002335,151.860000
V_VAL_VCCGT_VIN_0.002_R3B10,13.078813,13.032104,149.435000
I_VAL_VCCGT_VIN_0.002_R3B10,3.037162,0.016307,155.949000
V_VAL_V3P3S_GT_0.01_R3C15,3.337815,3.311417,62.903000
I_VAL_V3P3S_GT_0.01_R3C15,0.056752,0.002380,54.994000
V_VAL_V5A_TCSS_AIC1_0.005_R1M29,5.169571,5.128853,150.060000
I_VAL_V5A_TCSS_AIC1_0.005_R1M29,0.046882,0.007391,78.677000
V_VAL_V5A_TCSS_AIC2_0.005_R1P7,5.170113,5.128705,36.752000
I_VAL_V5A_TCSS_AIC2_0.005_R1P7,0.022391,-0.002170,8.078000
V_NC,8.634172,8.603336,50.213000
I_NC,0.098022,0.090135,163.188000
V_NC1,0.001623,0.000233,38.749000
I_NC1,0.102913,0.102913,0.000000
V_VAL_VBATA_VDD2H_VR_IN_0.005_R6F16,13.079151,13.029474,66.281000
I_VAL_VBATA_VDD2H_VR_IN_0.005_R6F16,0.829453,0.043611,46.327000
V_VAL_VIN_VDD2H_VR_VDD_0.005_R6U2,5.169890,5.128459,23.348000
I_VAL_VIN_VDD2H_VR_VDD_0.005_R6U2,0.052751,0.000694,2.267000
V_VAL_V5A_VDD2L_VR_IN_0.01_R5G8,5.169615,5.128372,150.374000
I_VAL_V5A_VDD2L_VR_IN_0.01_R5G8,0.228371,0.009084,75.507000
V_VAL_V5A_VDD1_VR_IN_0.01_R5H10,5.170359,5.128303,23.348000
I_VAL_V5A_VDD1_VR_IN_0.01_R5H10,0.314876,0.005045,122.930000
V_VAL_V5A_VDDQ_VR_IN_0.01_R6F18,5.170902,5.128471,173.818000
I_VAL_V5A_VDDQ_VR_IN_0.01_R6F18,0.227241,0.009474,2.325000
V_VAL_VBATA_V1P8A_IN_0.01_R1E27,13.079329,13.028142,149.435000
I_VAL_VBATA_V1P8A_IN_0.01_R1E27,0.422956,0.009798,113.660000
V_VAL_VBATA_V3P3A_VR_IN_0.002_R7H4,13.079046,13.024769,149.435000
I_VAL_VBATA_V3P3A_VR_IN_0.002_R7H4,6.515704,0.158444,144.795000
V_VAL_VBATA_V5A_VR_IN_0.002_R7H20,13.078840,13.024561,149.435000
I_VAL_VBATA_V5A_VR_IN_0.002_R7H20,5.110365,0.176257,13.711000
V_NC2,2.984698,2.944171,172.176000
I_NC2,0.102870,0.102795,0.000000
V_VAL_V3P3A_WLAN_0.005_R2M1,3.338132,3.310223,58.126000
I_VAL_V3P3A_WLAN_0.005_R2M1,1.073442,0.109724,129.165000
V_VAL_V1P8A_WWAN_0.01_R7F20,1.797858,1.791233,73.111000
I_VAL_V1P8A_WWAN_0.01_R7F20,0.024688,0.003021,104.128000
V_VAL_V3P3A_WWAN_0.005_R7G3,3.336759,3.312659,35.783000
I_VAL_V3P3A_WWAN_0.005_R7G3,0.453281,0.006135,26.178000
V_VAL_V5S_MCSI_CAMERA_0.01_R9B22,5.168792,5.119814,27.280000
I_VAL_V5S_MCSI_CAMERA_0.01_R9B22,0.010390,-0.002293,120.014000
V_VAL_V3P3S_MCSI_CAM1_0.01_R9B11,3.339187,3.312359,94.436000
I_VAL_V3P3S_MCSI_CAM1_0.01_R9B11,0.058022,-0.001941,11.862000
V_VAL_V3P3S_MCSI_CAM2_0.01_R9C26,3.338085,3.311693,94.436000
I_VAL_V3P3S_MCSI_CAM2_0.01_R9C26,0.268231,0.019476,147.801000
V_VAL_V1P8S_MCSI_CAM1_0.01_R9B9,1.796078,1.789595,59.708000
I_VAL_V1P8S_MCSI_CAM1_0.01_R9B9,0.006233,-0.002406,81.667000
V_VAL_V3P3S_PCIE_X4_SLOT_0.005_R7N17,3.374654,3.355414,74.524000
I_VAL_V3P3S_PCIE_X4_SLOT_0.005_R7N17,0.014563,0.001047,18.332000
V_VAL_V3P3A_PCIE_X8_SLOT_0.01_R6N3,3.338588,3.311876,106.807000
I_VAL_V3P3A_PCIE_X8_SLOT_0.01_R6N3,0.098085,0.000489,178.825000
V_VAL_V3P3S_PCIE_X8_SLOT_0.005_R6N2,3.337455,3.311755,49.720000
I_VAL_V3P3S_PCIE_X8_SLOT_0.005_R6N2,0.146169,0.001094,128.377000
V_VAL_V12S_PCIE_X8_SLOT_0.002_R7B33,11.992703,11.984652,2.188000
I_VAL_V12S_PCIE_X8_SLOT_0.002_R7B33,0.117704,-0.002022,130.576000
V_VAL_V3P3A_GEN5_SSD_0.005_R8P23,3.339147,3.312347,15.565000
I_VAL_V3P3A_GEN5_SSD_0.005_R8P23,0.080897,0.003186,172.105000
V_VAL_V1P8A_GEN5_SSD_0.01_R8P13,1.798139,1.791211,149.427000
I_VAL_V1P8A_GEN5_SSD_0.01_R8P13,0.007558,-0.001554,122.518000
V_VAL_V3P3A_GEN4_SSD_0.005_R9E17,3.337455,3.311638,26.340000
I_VAL_V3P3A_GEN4_SSD_0.005_R9E17,1.267350,0.036268,143.345000
V_VAL_V1P8A_GEN4_SSD_0.01_R8E3,1.798876,1.791334,62.397000
I_VAL_V1P8A_GEN4_SSD_0.01_R8E3,0.012945,0.002460,128.180000
V_VAL_V3P3DX_EDP_0.01_R5A16,3.330476,3.302794,65.834000
I_VAL_V3P3DX_EDP_0.01_R5A16,0.536056,0.293596,79.359000
V_VAL_V3P3S_EDP_AUXPWR_0.01_R5A24,3.338353,3.311811,65.834000
I_VAL_V3P3S_EDP_AUXPWR_0.01_R5A24,0.020110,0.001444,99.316000
V_VAL_VCC_EDP_BKLT_0.01_R5A13,13.075696,13.025946,149.435000
I_VAL_VCC_EDP_BKLT_0.01_R5A13,0.143026,0.117189,91.547000
V_VAL_V3P3A_VSYS_PD_0.01_R9U1,3.339206,3.312485,31.744000
I_VAL_V3P3A_VSYS_PD_0.01_R9U1,0.041263,0.007138,16.860000
V_VAL_V3P3DX_AUDIO_JA_0.01_R5V21,3.340788,3.312624,146.043000
I_VAL_V3P3DX_AUDIO_JA_0.01_R5V21,0.007964,0.001555,166.055000
V_VAL_V1P8DX_AUDIO_CODEC_ADVDD2_0.01_R5W7,1.797905,1.791549,59.708000
I_VAL_V1P8DX_AUDIO_CODEC_ADVDD2_0.01_R5W7,0.010953,-0.001613,40.278000
V_VAL_V1P8DX_AUDIO_VDD_JA_JE_0.01_R4H17,1.797917,1.791555,59.708000
I_VAL_V1P8DX_AUDIO_VDD_JA_JE_0.01_R4H17,0.009595,0.002313,80.107000
V_VAL_V1P8DX_AUDIO_CODEC_DVDD_0.022_R5H28,1.798055,1.791615,59.708000
I_VAL_V1P8DX_AUDIO_CODEC_DVDD_0.022_R5H28,0.006465,-0.000968,127.532000
V_VAL_V5DX_AUDIO_VDD_JH_0.022_R5W14,5.170396,5.128772,69.501000
I_VAL_V5DX_AUDIO_VDD_JH_0.022_R5W14,0.003405,-0.000143,98.720000
V_VAL_V5DX_DMIC_JH_0.01_R5W12,5.170272,5.128700,69.501000
I_VAL_V5DX_DMIC_JH_0.01_R5W12,0.006767,-0.000359,143.543000
V_VAL_VBATA_AUDIO_JA_0.01_R4V31,13.078166,13.025908,66.281000
I_VAL_VBATA_AUDIO_JA_0.01_R4V31,0.007498,-0.000224,111.883000
V_VAL_V5DX_AUDIO_CODEC_PVDD_0.01_R5J19,5.170551,5.128799,69.501000
I_VAL_V5DX_AUDIO_CODEC_PVDD_0.01_R5J19,0.110952,-0.000350,164.888000
V_NC3,0.001036,0.000204,149.427000
I_NC3,0.101877,0.101877,0.000000
V_NC4,0.000886,0.000172,106.349000
I_NC4,0.101847,-0.011688,0.290000
V_VAL_VBATA_0.002_R3B5,13.078870,13.030312,149.435000
I_VAL_VBATA_0.002_R3B5,3.255569,0.566745,109.858000
V_VAL_ADP_VIN_CHGR_CSN,3.315652,3.245039,71.207000
V_VAL_ADP_VIN_CHGR_CSP,0.159976,0.114514,47.143000
V_VAL_VBATT_SENSE_N_EMPTY,13.086089,13.033022,149.435000
I_VAL_VBATT_SENSE_N_EMPTY,0.000232,0.000002,179.564000
V_VAL_VBATA_IMVP_0.002_R4B12,13.078228,13.031962,149.435000
I_VAL_VBATA_IMVP_0.002_R4B12,2.767901,0.113443,149.427000
V_VAL_V3P3S_PCIE_X2_SLOT_0.005_R8N1,3.375015,3.355586,74.524000
I_VAL_V3P3S_PCIE_X2_SLOT_0.005_R8N1,0.032191,0.006733,14.583000
V_NC5,2.770074,2.709592,71.207000
I_NC5,0.102896,0.101545,0.003000
V_VAL_V1P8S_MCSI_CAM2_0.01_R9C20,1.795901,1.789112,109.456000
I_VAL_V1P8S_MCSI_CAM2_0.01_R9C20,0.179797,0.048017,179.530000
V_VAL_V1P8A_ROP_0.002_R1F29,1.799024,1.791955,67.600000
I_VAL_V1P8A_ROP_0.002_R1F29,0.258971,0.038029,97.464000
V_VAL_V1P8DX_AUDIO_DMIC_JD_JS_0.01_R4H20,1.797722,1.791666,59.708000
I_VAL_V1P8DX_AUDIO_DMIC_JD_JS_0.01_R4H20,0.013532,0.002016,15.122000
V_VAL_V5DX_AUDIO_CODEC_AVDD_0.022_R5W6,5.170200,5.128736,48.668000
I_VAL_V5DX_AUDIO_CODEC_AVDD_0.022_R5W6,0.028976,0.000549,57.460000
I_VAL_V3P3DX_TCH_PNL1_0.01_R6B36,0.006518,0.000058,57.932000
I_VAL_V1P8DX_TCH_PNL1_0.01_R6M19,0.003143,0.000266,123.766000
I_VAL_V3P3DX_TCH_PNL2_0.01_R5B31,0.006723,0.000041,33.716000
I_VAL_V1P8DX_TCH_PNL2_0.01_R5M40,0.002495,0.000124,115.644000
I_VAL_V1P8S_TCH_PAD_0.01_R9H13,0.002006,0.000120,24.522000
I_VAL_V3P3S_TCH_PAD_0.01_R9G32,0.006233,0.000117,85.264000
I_VAL_V3P3A_KBC_EC_0.01_R2W19,0.159551,0.040305,83.972000
I_VAL_V1P8A_VTR_0.01_R2W62,0.001444,0.000364,149.433000
I_VAL_V3P3A_VTR1_EC_0.01_R1J2,0.005847,0.003514,124.619000
I_VAL_V3P3A_VTR_REG_EC_0.01_R1J1,0.019258,0.004953,22.595000
I_VAL_V3P3A_V1P8A_VTR3_EC_0.01_R2W48,0.001597,0.000119,149.433000
I_VAL_V3P3A_PLL_ANLG_0.01_R1J10,0.003270,0.001064,25.716000
I_VAL_V3P3S_UFS_0.01_R6T3,0.001044,0.000039,105.715000
I_VAL_V1P8S_UFS_0.01_R6R1,0.001280,0.000118,58.431000
I_VAL_V1P2S_UFS_0.01_R5F6,0.001041,0.000025,15.635000
I_VAL_V2P5S_UFS_0.022_R6F13,0.000692,0.000063,75.728000
I_VAL_V3P3A_0.001_R7G26,2.377983,0.536755,148.795000
I_VAL_V5A_0.001_R7H1,1.218136,0.418652,45.743000
I_VAL_V3P3S_3P3A_SNSR_HDR_0.01_R6W3,0.001866,-0.000094,138.312000
I_VAL_V1P8S_1P8A_SNSR_HDR_0.01_R6W12,0.001349,0.000184,15.978000
I_VAL_V3P3S_FPS_0.01_R7J49,0.003040,0.000170,12.803000
I_VAL_V1P8S_3P3S_FPS_0.01_R7W11,0.001056,-0.000123,115.566000
I_VAL_V3P3M_LAN_0.01_R9J2,0.015731,0.000214,177.984000
I_NC6,0.105049,0.086880,0.007000
I_VAL_V1P8A_TCSS_AIC1_0.01_R1N20,0.000899,-0.000118,165.569000
I_VAL_V3P3A_TCSS_AIC1_0.01_R1N14,0.000985,-0.000072,37.877000
I_VAL_V3P3S_TCSS_AIC1_0.01_R1N23,0.000820,-0.000133,101.383000
I_VAL_V1P8A_TCSS_AIC2_0.01_R1P40,0.001134,-0.000070,96.375000
I_VAL_V3P3A_TCSS_AIC2_0.01_R1P35,0.000813,-0.000553,90.752000
I_VAL_V3P3S_TCSS_AIC2_0.01_R1P49,0.001932,0.000188,3.012000
I_VAL_VCC_SPI_TPM_0.01_R1R19,0.001707,-0.000125,68.716000
I_NC7,0.000952,0.000919,135.214000
I_VAL_VCC3V3_SX_TCP_PA_0.01_R9P1,0.000699,-0.000290,90.754000
I_VAL_VCC3V3_SX_TCP_PB_0.01_R9R14,0.001404,0.000412,15.377000
I_NC8,0.105281,0.105281,0.000000
I_NC9,0.105281,0.105281,0.000000
V_VAL_V3P3DX_TCH_PNL1_0.01_R6B36,3.329548,3.312139,156.071000
V_VAL_V1P8DX_TCH_PNL1_0.01_R6M19,1.797246,1.791134,149.427000
V_VAL_V3P3DX_TCH_PNL2_0.01_R5B31,3.328826,3.311141,3.499000
V_VAL_V1P8DX_TCH_PNL2_0.01_R5M40,1.797006,1.791133,159.652000
V_VAL_V1P8S_TCH_PAD_0.01_R9H13,1.796685,1.790300,84.700000
V_VAL_V3P3S_TCH_PAD_0.01_R9G32,3.328826,3.311615,66.502000
V_VAL_V3P3A_KBC_EC_0.01_R2W19,3.328105,3.308061,13.637000
V_VAL_V1P8A_VTR_0.01_R2W62,1.793959,1.789577,149.927000
V_VAL_V3P3A_VTR1_EC_0.01_R1J2,3.327864,3.307777,101.225000
V_VAL_V3P3A_VTR_REG_EC_0.01_R1J1,3.328265,3.307897,66.118000
V_VAL_V3P3A_V1P8A_VTR3_EC_0.01_R2W48,1.792757,1.789560,149.936000
V_VAL_V3P3A_PLL_ANLG_0.01_R1J10,3.328666,3.307768,162.036000
V_VAL_V3P3S_UFS_0.01_R6T3,3.328987,3.311885,18.109000
V_VAL_V1P8S_UFS_0.01_R6R1,1.796124,1.790373,45.212000
V_VAL_V1P2S_UFS_0.01_R5F6,1.215529,1.215076,73.823000
V_VAL_V2P5S_UFS_0.022_R6F13,2.587889,2.587271,30.899000
V_VAL_V3P3A_0.001_R7G26,3.329628,3.312646,105.122000
V_VAL_V5A_0.001_R7H1,5.143575,5.128469,91.097000
V_VAL_V3P3S_3P3A_SNSR_HDR_0.01_R6W3,3.329388,3.311951,42.775000
V_VAL_V1P8S_1P8A_SNSR_HDR_0.01_R6W12,1.797407,1.790437,95.374000
V_VAL_V3P3S_FPS_0.01_R7J49,3.328746,3.311617,158.062000
V_VAL_V1P8S_3P3S_FPS_0.01_R7W11,1.796685,1.790446,94.446000
V_VAL_V3P3M_LAN_0.01_R9J2,3.329388,3.312057,41.605000
V_NC6,3.727596,3.478391,71.208000
V_VAL_V1P8A_TCSS_AIC1_0.01_R1N20,1.797727,1.791871,3.096000
V_VAL_V3P3A_TCSS_AIC1_0.01_R1N14,3.328105,3.310673,96.052000
V_VAL_V3P3S_TCSS_AIC1_0.01_R1N23,3.329869,3.311326,51.426000
V_VAL_V1P8A_TCSS_AIC2_0.01_R1P40,1.797647,1.791839,82.341000
V_VAL_V3P3A_TCSS_AIC2_0.01_R1P35,3.328586,3.310667,23.009000
V_VAL_V3P3S_TCSS_AIC2_0.01_R1P49,3.328586,3.311333,171.536000
V_VAL_VCC_SPI_TPM_0.01_R1R19,1.797807,1.791818,64.933000
V_NC7,10.513983,10.513983,0.000000
V_VAL_VCC3V3_SX_TCP_PA_0.01_R9P1,0.000251,0.000018,2.220000
V_VAL_VCC3V3_SX_TCP_PB_0.01_R9R14,0.000230,-0.000006,3.901000
V_NC8,0.000230,-0.000001,1.680000
V_NC9,0.000230,-0.000001,13.202000
P_VAL_VCCCORE_PH1_0.002_R4D5,7.407926,0.002006,149.432000
P_VAL_VCCCORE_PH2_0.002_R5D5,6.576332,0.000939,149.426000
P_VAL_VCCCORE_PH3_0.002_R5D6,5.365386,0.000633,149.427000
P_VAL_VCCCORE_PH4_0.002_R5D7,6.902587,0.000552,149.427000
P_VAL_VCCCORE_PH5_0.002_R6D1,0.130224,0.005964,149.426000
P_VAL_VCC_LP_ECORE_0.002_R4D6,10.753083,0.483762,149.407000
P_VAL_VCCSA_0.002_R3C22,3.318843,0.553611,149.405000
P_VAL_VDD2_CPU_0.002_R5G2,1.471666,0.380393,149.426000
P_VAL_VDDQ_CPU_0.005_R5F23,0.175840,0.027013,177.412000
P_VAL_VCCGT_PH1_0.002_R3C23,3.527062,0.254943,137.533000
P_VAL_VCCGT_PH2_0.002_R2C16,0.895894,0.012841,12.288000
P_VAL_VCCST_0.002_R3P2,0.060492,0.017419,149.423000
P_VAL_V5A_TCSS_AIC1_0.005_R1M29,0.241652,0.037910,78.677000
P_VAL_V5A_TCSS_AIC2_0.005_R1P7,0.115066,-0.011130,8.078000
P_VAL_VCCPRIM_VNNAON_0.001_R3D1,1.113041,0.219459,90.212000
P_VAL_VCCPRIM_VNNAON_FLTR_0.01_R4R2,0.032827,0.010215,21.395000
P_VAL_VCCPRIM_IO_0.004_R4D8,0.450021,0.124874,109.012000
P_VAL_VCCPRIM_IO_FLTR_0.01_R4R1,0.011067,-0.000463,82.266000
P_VAL_VCCPRIM_3P3_0.022_R2E28,0.026991,0.000009,48.424000
P_VAL_VCCPRIM_1P8_0.01_R2E52,0.017963,0.004524,77.073000
P_VAL_VCCPRIM_1P8_FLTRA_0.01_R2E69,0.057972,0.009826,25.311000
P_VAL_VCCPRIM_1P8_FLTRB_0.01_R2E33,0.010777,0.000045,105.202000
P_VAL_VCCRTC_0.022_R2E36,0.006683,0.000941,78.144000
P_VAL_VCCIO_TERM_V1P25_0.01_R2M29,0.004299,-0.002131,128.395000
P_VAL_VDD2H_MEM_0.002_R5G3,1.461190,0.115576,149.427000
P_VAL_VDD2L_MEM_0.005_R5G7,0.415834,0.038441,127.846000
P_VAL_VDD1_MEM_0.005_R5G20,0.518432,0.020906,115.455000
P_VAL_VDDQ_MEM_0.005_R5F24,0.283686,0.018216,9.861000
P_VAL_VCCCORE_VIN_0.002_R4B28,67.575348,-0.031622,149.431000
P_VAL_V3P3S_CORE_0.01_R5C18,0.297740,0.017894,149.434000
P_VAL_VCC_LP_ECORE_VIN_0.002_R4C4,32.405067,0.534086,57.564000
P_VAL_V3P3S_LP_ECORE_0.01_R4C20,0.126339,0.015167,126.875000
P_VAL_VBATA_VCCIO_VR_IN_0.01_R4C7,3.214107,0.132786,151.266000
P_VAL_V5A_IMVP_0.01_R5B37,0.188210,0.030770,8.617000
P_VAL_VBATA_VNNAON_VR_IN_0.01_R4C6,8.816406,0.259123,144.625000
P_VAL_VNNAON_VSYS_0.01_R4N20,0.395749,0.006964,122.122000
P_VAL_VCCSA_VIN_0.002_R3B11,14.294937,0.525985,141.560000
P_VAL_V3P3S_SA_0.01_R3C7,0.088754,0.007733,151.860000
P_VAL_VCCGT_VIN_0.002_R3B10,39.372890,0.212372,155.949000
P_VAL_V3P3S_GT_0.01_R3C15,0.188125,0.007886,54.994000
P_VAL_VBATA_VDD2H_VR_IN_0.005_R6F16,10.778633,0.567798,46.327000
P_VAL_VIN_VDD2H_VR_VDD_0.005_R6U2,0.271708,0.003558,2.267000
P_VAL_V5A_VDD2L_VR_IN_0.01_R5G8,1.175315,0.046599,75.507000
P_VAL_V5A_VDD1_VR_IN_0.01_R5H10,1.616943,0.025899,122.930000
P_VAL_V5A_VDDQ_VR_IN_0.01_R6F18,1.165025,0.048589,2.325000
P_VAL_VBATA_V1P8A_IN_0.01_R1E27,5.487426,0.127536,113.660000
P_VAL_VBATA_V3P3A_VR_IN_0.002_R7H4,84.115753,2.059850,51.515000
P_VAL_VBATA_V5A_VR_IN_0.002_R7H20,65.991539,2.289040,13.711000
P_VAL_V3P3A_WLAN_0.005_R2M1,3.543350,0.363146,74.839000
P_VAL_V1P8A_WWAN_0.01_R7F20,0.044185,0.005411,104.128000
P_VAL_V3P3A_WWAN_0.005_R7G3,1.507386,0.020126,26.178000
P_VAL_V5S_MCSI_CAMERA_0.01_R9B22,0.053283,-0.011741,120.014000
P_VAL_V3P3S_MCSI_CAM1_0.01_R9B11,0.192555,-0.006429,11.862000
P_VAL_V3P3S_MCSI_CAM2_0.01_R9C26,0.891445,0.064503,147.801000
P_VAL_V1P8S_MCSI_CAM1_0.01_R9B9,0.011143,-0.004305,81.667000
P_VAL_V1P8S_MCSI_CAM2_0.01_R9C20,0.320327,0.085884,179.530000
P_VAL_V1P8A_ROP_0.002_R1F29,0.465014,0.068157,97.464000
P_VAL_V3P3S_PCIE_X4_SLOT_0.005_R7N17,0.048848,0.003513,18.332000
P_VAL_V3P3A_PCIE_X8_SLOT_0.01_R6N3,0.325017,0.001595,178.825000
P_VAL_V3P3S_PCIE_X8_SLOT_0.005_R6N2,0.486101,0.003593,128.377000
P_VAL_V12S_PCIE_X8_SLOT_0.002_R7B33,1.410730,-0.024205,130.576000
P_VAL_V3P3A_GEN5_SSD_0.005_R8P23,0.269425,0.010543,172.105000
P_VAL_V1P8A_GEN5_SSD_0.01_R8P13,0.013537,-0.002783,122.518000
P_VAL_V3P3A_GEN4_SSD_0.005_R9E17,4.171040,0.119931,143.345000
P_VAL_V1P8A_GEN4_SSD_0.01_R8E3,0.023170,0.004408,128.180000
P_VAL_V3P3DX_EDP_0.01_R5A16,1.767040,0.969694,79.359000
P_VAL_V3P3S_EDP_AUXPWR_0.01_R5A24,0.066709,0.004781,99.316000
P_VAL_VCC_EDP_BKLT_0.01_R5A13,1.860237,1.526502,91.547000
P_VAL_V3P3A_VSYS_PD_0.01_R9U1,0.137216,0.023654,50.851000
P_VAL_V3P3DX_AUDIO_JA_0.01_R5V21,0.026445,0.005151,166.055000
P_VAL_V1P8DX_AUDIO_CODEC_ADVDD2_0.01_R5W7,0.019668,-0.002889,151.490000
P_VAL_V1P8DX_AUDIO_VDD_JA_JE_0.01_R4H17,0.017186,0.004145,80.107000
P_VAL_V1P8DX_AUDIO_CODEC_DVDD_0.022_R5H28,0.011601,-0.001734,127.532000
P_VAL_V1P8DX_AUDIO_DMIC_JD_JS_0.01_R4H20,0.024242,0.003612,15.122000
P_VAL_V5DX_AUDIO_CODEC_AVDD_0.022_R5W6,0.148958,0.002864,57.460000
P_VAL_V5DX_AUDIO_VDD_JH_0.022_R5W14,0.017455,-0.000734,98.720000
P_VAL_V5DX_DMIC_JH_0.01_R5W12,0.034803,-0.001840,143.543000
P_VAL_VBATA_AUDIO_JA_0.01_R4V31,0.097320,-0.002922,111.883000
P_VAL_V5DX_AUDIO_CODEC_PVDD_0.01_R5J19,0.571133,-0.001723,164.888000
P_VAL_V3P3A_KBC_EC_0.01_R2W19,0.528315,0.133420,83.972000
P_VAL_V1P8A_VTR_0.01_R2W62,0.002580,0.000651,149.433000
P_VAL_V3P3A_VTR1_EC_0.01_R1J2,0.019363,0.011625,124.619000
P_VAL_V3P3A_VTR_REG_EC_0.01_R1J1,0.063755,0.016385,103.622000
P_VAL_V3P3A_V1P8A_VTR3_EC_0.01_R2W48,0.002856,0.000212,149.433000
P_VAL_V3P3A_PLL_ANLG_0.01_R1J10,0.010827,0.003519,137.465000
P_VAL_V3P3DX_TCH_PNL1_0.01_R6B36,0.021625,0.000191,57.932000
P_VAL_V1P8DX_TCH_PNL1_0.01_R6M19,0.005625,0.000476,123.766000
P_VAL_V3P3DX_TCH_PNL2_0.01_R5B31,0.022273,0.000134,33.716000
P_VAL_V1P8DX_TCH_PNL2_0.01_R5M40,0.004471,0.000223,176.398000
P_VAL_V1P8S_TCH_PAD_0.01_R9H13,0.003592,0.000214,126.561000
P_VAL_V3P3S_TCH_PAD_0.01_R9G32,0.020637,0.000387,85.264000
P_VAL_VBATA_0.002_R3B5,42.323421,7.382640,109.858000
P_VAL_VBATA_IMVP_0.002_R4B12,35.997032,1.478544,149.427000
P_VAL_V3P3S_PCIE_X2_SLOT_0.005_R8N1,0.108106,0.022594,14.583000
P_VAL_V3P3S_UFS_0.01_R6T3,0.003456,0.000130,105.722000
P_VAL_V1P8S_UFS_0.01_R6R1,0.002294,0.000211,159.124000
P_VAL_V1P2S_UFS_0.01_R5F6,0.001265,0.000030,90.137000
P_VAL_V2P5S_UFS_0.022_R6F13,0.001792,0.000164,75.728000
P_VAL_V3P3A_0.001_R7G26,7.872617,1.778077,148.795000
P_VAL_V5A_0.001_R7H1,6.236860,2.146991,45.743000
P_VAL_V3P3S_3P3A_SNSR_HDR_0.01_R6W3,0.006183,-0.000313,138.312000
P_VAL_V1P8S_1P8A_SNSR_HDR_0.01_R6W12,0.002415,0.000329,15.978000
P_VAL_V3P3S_FPS_0.01_R7J49,0.010064,0.000563,173.728000
P_VAL_V1P8S_3P3S_FPS_0.01_R7W11,0.001890,-0.000220,115.566000
P_VAL_V3P3M_LAN_0.01_R9J2,0.052152,0.000709,177.984000
P_VAL_V1P8A_TCSS_AIC1_0.01_R1N20,0.001611,-0.000211,165.569000
P_VAL_V3P3A_TCSS_AIC1_0.01_R1N14,0.003264,-0.000237,57.311000
P_VAL_V3P3S_TCSS_AIC1_0.01_R1N23,0.002727,-0.000442,101.383000
P_VAL_V1P8A_TCSS_AIC2_0.01_R1P40,0.002034,-0.000125,96.375000
P_VAL_V3P3A_TCSS_AIC2_0.01_R1P35,0.002694,-0.001832,90.752000
P_VAL_V3P3S_TCSS_AIC2_0.01_R1P49,0.006400,0.000623,60.002000
P_VAL_VCC_SPI_TPM_0.01_R1R19,0.003057,-0.000223,68.716000
P_VAL_VCC3V3_SX_TCP_PA_0.01_R9P1,0.000000,-0.000000,160.963000
P_VAL_VCC3V3_SX_TCP_PB_0.01_R9R14,0.000000,-0.000000,56.196000
P_VCCCORE,24.964804,0.004130,149.426000
P_VCCGT,3.948147,0.267784,114.247000
P_VCCSA,3.318843,0.553611,149.405000
P_VCC_LP_ECORE,10.753083,0.483762,149.407000
P_VDD2_CPU,1.471666,0.380393,149.426000
P_VDDQ_CPU,0.175840,0.027013,177.412000
P_VCCRTC,0.006683,0.000941,78.144000
P_VCCPRIM_VNNAON,1.113041,0.219459,90.212000
P_VCCPRIM_IO,0.450021,0.124874,109.012000
P_VCCPRIM_1P8,0.017963,0.004524,77.073000
P_VCCPRIM_1P8_FLTRA,0.057972,0.009826,25.311000
P_VCCPRIM_1P8_FLTRB,0.010777,0.000045,105.202000
P_VCCPRIM_3P3,0.026991,0.000009,48.424000
P_Memory,1.651941,0.193138,149.427000
P_Backlight_EDP1,1.860237,1.526502,91.547000
P_Panel_Elec_EDP1,1.665001,0.974475,79.359000
P_Audio,0.122641,0.007411,57.892000
P_VBATA,42.323421,7.382640,109.858000
P_Audio_Codec,0.680511,-0.003481,119.156000
P_SSD_GEN4,4.170031,0.124339,143.345000
P_SSD_GEN5,0.261136,0.007760,130.955000
P_WLAN,3.543350,0.363146,74.839000
p_WWAN,1.505135,0.025537,26.178000
P_LAN,0.052152,0.000709,177.984000
P_Camera_1,0.200195,-0.010734,11.862000
P_Camera_2,1.159196,0.150387,169.998000
P_Total_Camera,1.295935,0.127912,169.998000
P_Touchpad,0.020917,0.000601,85.264000
P_Touchpanel,0.043703,0.001024,116.991000
P_Sensor,0.006588,0.000016,138.312000
P_FPS,0.010231,0.000343,12.803000
P_Type_C,0.240059,0.037020,78.677000
P_HDMI,0.115101,-0.012464,8.078000
P_UFS_EMMC,0.005942,0.000535,144.482000
P_EC,0.078360,0.028222,19.827000
P_PD,0.137216,0.023654,50.851000
P_RE_TIMERA,0.000000,-0.000000,160.963000
P_RE_TIMERB,0.000000,-0.000000,56.196000
P_TOTAL_RETIMER,0.000000,-0.000000,136.408000
P_CPU,29.131969,1.716694,149.426000
P_SOC,29.673313,2.076371,149.426000
Run Time,180.000000,180.000000,180.000000
